{
  "version": "1.0.0",
  "template": "real-estate",
  "description": "Demo content for Real Estate industry template - perfect for real estate agencies, brokers, and property management companies",
  "company": {
    "name": "Summit Realty Group",
    "tagline": "Your Trusted Partner in Real Estate Excellence",
    "description": "With over 15 years of experience, Summit Realty Group provides exceptional real estate services in the metropolitan area. We specialize in residential and commercial properties, offering expert guidance through every step of your real estate journey.",
    "location": "Metropolitan Area",
    "year_established": "2008",
    "phone": "+1-555-987-6543",
    "phone_display": "(555) 987-6543",
    "email": "info@summitrealty.com",
    "address": "456 Oak Avenue, Suite 200, Metropolitan Area, NY 10002",
    "license_number": "RE123456789",
    "specialties": "Residential & Commercial Real Estate"
  },
  "branding": {
    "logo": "/assets/images/logo-summit-realty.png",
    "favicon": "/assets/images/favicon.ico",
    "primary_color": "#2C5F2D",
    "secondary_color": "#97BC62",
    "accent_color": "#D4EDDA"
  },
  "social": {
    "facebook": "https://facebook.com/summitrealtygroup",
    "instagram": "https://instagram.com/summitrealtygroup",
    "linkedin": "https://linkedin.com/company/summit-realty-group",
    "zillow": "https://zillow.com/profile/summitrealty",
    "realtor": "https://realtor.com/realestateagents/summitrealty"
  },
  "hero": {
    "title": "Find Your Dream Home",
    "subtitle": "Discover exceptional properties in prime locations. Our expert agents are here to guide you through every step of your real estate journey.",
    "image": "/assets/images/luxury-home-exterior.jpg",
    "alt": "Beautiful luxury home with modern architecture",
    "primary_cta": "Search Properties",
    "secondary_cta": "Contact Agent"
  },
  "search": {
    "title": "Find Your Perfect Property",
    "subtitle": "Search through our extensive database of homes, condos, and commercial properties"
  },
  "search_filters": {
    "property_types": [
      {"value": "house", "label": "Single Family Home"},
      {"value": "condo", "label": "Condominium"},
      {"value": "townhouse", "label": "Townhouse"},
      {"value": "apartment", "label": "Apartment"},
      {"value": "commercial", "label": "Commercial"},
      {"value": "land", "label": "Land"}
    ],
    "price_ranges": [
      {"value": "0-200000", "label": "Under $200K"},
      {"value": "200000-400000", "label": "$200K - $400K"},
      {"value": "400000-600000", "label": "$400K - $600K"},
      {"value": "600000-800000", "label": "$600K - $800K"},
      {"value": "800000-1000000", "label": "$800K - $1M"},
      {"value": "1000000+", "label": "$1M+"}
    ],
    "bedrooms": [
      {"value": "1", "label": "1+ Bedroom"},
      {"value": "2", "label": "2+ Bedrooms"},
      {"value": "3", "label": "3+ Bedrooms"},
      {"value": "4", "label": "4+ Bedrooms"},
      {"value": "5", "label": "5+ Bedrooms"}
    ]
  },
  "featured_properties": {
    "title": "Featured Properties",
    "subtitle": "Explore our handpicked selection of premium properties"
  },
  "properties": [
    {
      "id": "prop-001",
      "title": "Modern Downtown Loft",
      "address": "123 Urban Street, Downtown",
      "price": "750000",
      "price_display": "$750,000",
      "bedrooms": 2,
      "bathrooms": 2,
      "sqft": 1200,
      "property_type": "Condominium",
      "status": "For Sale",
      "image": "/assets/images/properties/downtown-loft.jpg",
      "alt": "Modern downtown loft with city views",
      "features": ["City Views", "Hardwood Floors", "Stainless Appliances", "In-unit Laundry"],
      "description": "Stunning modern loft in the heart of downtown. Features floor-to-ceiling windows, exposed brick, and premium finishes throughout.",
      "agent": "Sarah Johnson",
      "listing_date": "2024-01-15"
    },
    {
      "id": "prop-002",
      "title": "Suburban Family Home",
      "address": "456 Maple Drive, Suburbia",
      "price": "525000",
      "price_display": "$525,000",
      "bedrooms": 4,
      "bathrooms": 3,
      "sqft": 2800,
      "property_type": "Single Family Home",
      "status": "For Sale",
      "image": "/assets/images/properties/family-home.jpg",
      "alt": "Spacious family home with large backyard",
      "features": ["4 Bedrooms", "3 Car Garage", "Large Backyard", "Updated Kitchen"],
      "description": "Perfect family home in a quiet suburban neighborhood. Recently updated with modern amenities and plenty of space for growing families.",
      "agent": "Michael Chen",
      "listing_date": "2024-01-10"
    },
    {
      "id": "prop-003",
      "title": "Luxury Penthouse",
      "address": "789 Sky Tower, Uptown",
      "price": "1250000",
      "price_display": "$1,250,000",
      "bedrooms": 3,
      "bathrooms": 3,
      "sqft": 2200,
      "property_type": "Condominium",
      "status": "For Sale",
      "image": "/assets/images/properties/penthouse.jpg",
      "alt": "Luxury penthouse with panoramic city views",
      "features": ["Panoramic Views", "Private Terrace", "Concierge Service", "Premium Amenities"],
      "description": "Exclusive penthouse with breathtaking city views. Includes private terrace, premium finishes, and access to building amenities.",
      "agent": "David Rodriguez",
      "listing_date": "2024-01-08"
    },
    {
      "id": "prop-004",
      "title": "Commercial Retail Space",
      "address": "321 Main Street, Business District",
      "price": "850000",
      "price_display": "$850,000",
      "sqft": 3500,
      "property_type": "Commercial",
      "status": "For Sale",
      "image": "/assets/images/properties/retail-space.jpg",
      "alt": "Prime retail space in busy business district",
      "features": ["High Traffic Location", "Street-level Access", "Parking Available", "Recent Renovations"],
      "description": "Prime commercial retail space in the heart of the business district. Perfect for retail stores, restaurants, or professional offices.",
      "agent": "Lisa Thompson",
      "listing_date": "2024-01-12"
    }
  ],
  "agents": {
    "title": "Meet Our Expert Agents",
    "subtitle": "Our experienced team is dedicated to helping you achieve your real estate goals"
  },
  "agent_profiles": [
    {
      "name": "Sarah Johnson",
      "title": "Senior Real Estate Agent",
      "image": "/assets/images/agents/sarah-johnson.jpg",
      "alt": "Professional headshot of Sarah Johnson",
      "bio": "With 12 years of experience, Sarah specializes in luxury residential properties and has helped over 200 families find their dream homes.",
      "phone": "+1-555-987-6544",
      "email": "sarah@summitrealty.com",
      "specialties": ["Luxury Homes", "First-time Buyers", "Investment Properties"],
      "stats": {
        "sales_closed": 247,
        "years_experience": 12,
        "avg_sale_price": "$650K"
      },
      "social": {
        "linkedin": "https://linkedin.com/in/sarahjohnsonrealty",
        "facebook": "https://facebook.com/sarahjohnsonrealty"
      }
    },
    {
      "name": "Michael Chen",
      "title": "Commercial Real Estate Specialist",
      "image": "/assets/images/agents/michael-chen.jpg",
      "alt": "Professional headshot of Michael Chen",
      "bio": "Michael brings 15 years of commercial real estate expertise, specializing in retail, office, and investment properties.",
      "phone": "+1-555-987-6545",
      "email": "michael@summitrealty.com",
      "specialties": ["Commercial Properties", "Investment Analysis", "Property Management"],
      "stats": {
        "sales_closed": 189,
        "years_experience": 15,
        "avg_sale_price": "$1.2M"
      },
      "social": {
        "linkedin": "https://linkedin.com/in/michaelchenrealty",
        "twitter": "https://twitter.com/mchenrealty"
      }
    },
    {
      "name": "David Rodriguez",
      "title": "Residential Sales Manager",
      "image": "/assets/images/agents/david-rodriguez.jpg",
      "alt": "Professional headshot of David Rodriguez",
      "bio": "David leads our residential sales team and has extensive knowledge of local neighborhoods and market trends.",
      "phone": "+1-555-987-6546",
      "email": "david@summitrealty.com",
      "specialties": ["Market Analysis", "New Developments", "Relocation Services"],
      "stats": {
        "sales_closed": 312,
        "years_experience": 10,
        "avg_sale_price": "$475K"
      },
      "social": {
        "instagram": "https://instagram.com/davidrodriguezrealty",
        "facebook": "https://facebook.com/davidrodriguezrealty"
      }
    }
  ],
  "services": {
    "title": "Our Real Estate Services",
    "subtitle": "Comprehensive real estate solutions for buyers, sellers, and investors"
  },
  "service_offerings": [
    {
      "title": "Residential Sales",
      "description": "Expert guidance through buying or selling your home, from market analysis to closing.",
      "icon": "/assets/images/icons/home-sales.svg",
      "features": ["Market Analysis", "Property Valuation", "Negotiation Support", "Closing Assistance"]
    },
    {
      "title": "Commercial Real Estate",
      "description": "Specialized services for commercial properties, retail spaces, and investment opportunities.",
      "icon": "/assets/images/icons/commercial.svg",
      "features": ["Investment Analysis", "Lease Negotiation", "Property Management", "Market Research"]
    },
    {
      "title": "Property Management",
      "description": "Full-service property management for landlords and investors.",
      "icon": "/assets/images/icons/property-management.svg",
      "features": ["Tenant Screening", "Rent Collection", "Maintenance Coordination", "Financial Reporting"]
    },
    {
      "title": "Market Analysis",
      "description": "Comprehensive market research and analysis to inform your real estate decisions.",
      "icon": "/assets/images/icons/market-analysis.svg",
      "features": ["Comparable Sales", "Market Trends", "Investment Projections", "Area Reports"]
    }
  ],
  "testimonials": {
    "title": "What Our Clients Say",
    "subtitle": "Hear from satisfied clients who found their perfect property with Summit Realty"
  },
  "reviews_data": [
    {
      "name": "Jennifer Martinez",
      "quote": "Sarah Johnson helped us find our dream home in just two weeks! Her knowledge of the local market and negotiation skills saved us thousands. Highly recommend!",
      "rating": 5,
      "property_type": "Single Family Home",
      "agent": "Sarah Johnson",
      "avatar": "/assets/images/avatars/jennifer.jpg"
    },
    {
      "name": "Robert Kim",
      "quote": "Michael Chen's expertise in commercial real estate was invaluable. He helped me secure the perfect location for my business expansion. Professional and knowledgeable throughout the entire process.",
      "rating": 5,
      "property_type": "Commercial Retail",
      "agent": "Michael Chen",
      "avatar": "/assets/images/avatars/robert.jpg"
    },
    {
      "name": "Amanda Foster",
      "quote": "David Rodriguez made our first home buying experience stress-free. He explained everything clearly and was always available to answer our questions. We couldn't be happier with our new home!",
      "rating": 5,
      "property_type": "Condominium",
      "agent": "David Rodriguez",
      "avatar": "/assets/images/avatars/amanda.jpg"
    }
  ],
  "about": {
    "title": "About Summit Realty Group",
    "description": "Founded in 2008, Summit Realty Group has been the trusted name in real estate for over 15 years. Our team of experienced professionals is committed to providing exceptional service and helping clients achieve their real estate goals.",
    "image": "/assets/images/team-office.jpg",
    "alt": "Summit Realty Group team in modern office setting",
    "stats": [
      {"label": "Years in Business", "value": "15+"},
      {"label": "Properties Sold", "value": "2,500+"},
      {"label": "Happy Clients", "value": "1,800+"},
      {"label": "Avg. Sale Price", "value": "$650K"}
    ]
  },
  "contact": {
    "title": "Contact Summit Realty Group",
    "description": "Ready to start your real estate journey? Get in touch with our expert team today."
  },
  "contact_form": {
    "fields": [
      {"name": "name", "label": "Full Name", "type": "text", "required": true},
      {"name": "email", "label": "Email Address", "type": "email", "required": true},
      {"name": "phone", "label": "Phone Number", "type": "tel", "required": true},
      {"name": "property_type", "label": "Property Type", "type": "select", "options": ["Residential", "Commercial", "Investment", "Other"]},
      {"name": "timeline", "label": "Timeline", "type": "select", "options": ["Immediately", "1-3 months", "3-6 months", "6+ months"]},
      {"name": "message", "label": "Message", "type": "textarea", "required": true}
    ]
  },
  "footer": {
    "description": "Your trusted partner in real estate excellence since 2008. Summit Realty Group - Where Dreams Become Addresses."
  },
  "seo": {
    "meta_description": "Find your dream home with Summit Realty Group. Expert real estate agents specializing in residential and commercial properties in the metropolitan area.",
    "keywords": "real estate, real estate agent, buy home, sell home, property search, realtor, commercial real estate, property management",
    "og_image": "/assets/images/og-image.jpg"
  },
  "additional_info": {
    "license_info": "Licensed Real Estate Broker - RE123456789",
    "service_area": "Metropolitan Area and surrounding suburbs",
    "office_hours": "Monday-Friday 9AM-6PM, Saturday 10AM-4PM",
    "languages": "English, Spanish, Mandarin",
    "awards": "Top Producer 2023, Customer Satisfaction Award 2022",
    "memberships": "National Association of Realtors, Local Realtor Board"
  },
  "media_guidelines": {
    "hero_image": {
      "dimensions": "1920x1080",
      "aspect_ratio": "16:9",
      "max_size": "2MB",
      "format": "JPG, PNG, WebP"
    },
    "property_images": {
      "dimensions": "800x600",
      "aspect_ratio": "4:3",
      "max_size": "1MB",
      "format": "JPG, PNG, WebP"
    },
    "agent_photos": {
      "dimensions": "400x400",
      "aspect_ratio": "1:1",
      "max_size": "500KB",
      "format": "JPG, PNG, WebP"
    },
    "logo": {
      "dimensions": "200x80",
      "aspect_ratio": "2.5:1",
      "max_size": "100KB",
      "format": "PNG, SVG"
    }
  }
}
