{
  "version": "1.0.0",
  "template": "restaurants",
  "description": "Demo content for Restaurants industry template - perfect for restaurants, cafes, and dining establishments",
  "company": {
    "name": "Bella Vista Restaurant",
    "tagline": "Authentic Italian Cuisine Since 1995",
    "description": "Experience the finest Italian dining with fresh ingredients, traditional recipes, and warm hospitality in the heart of downtown.",
    "location": "Downtown District",
    "year_established": "1995",
    "phone": "+1-555-123-4567",
    "phone_display": "(555) 123-4567",
    "email": "reservations@bellavista.com",
    "address": "123 Main Street, Downtown District, NY 10001",
    "cuisine_type": "Italian"
  },
  "branding": {
    "logo": "/assets/images/logo-bellavista.png",
    "favicon": "/assets/images/favicon.ico",
    "primary_color": "#D2691E",
    "secondary_color": "#8B4513",
    "accent_color": "#FFD700"
  },
  "social": {
    "facebook": "https://facebook.com/bellavistarestaurant",
    "instagram": "https://instagram.com/bellavistarestaurant",
    "tripadvisor": "https://tripadvisor.com/bellavista",
    "yelp": "https://yelp.com/biz/bella-vista-restaurant"
  },
  "hero": {
    "title": "Welcome to Bella Vista",
    "subtitle": "Experience authentic Italian cuisine in an elegant atmosphere. Fresh ingredients, traditional recipes, and warm hospitality await you.",
    "image": "/assets/images/restaurant-interior.jpg",
    "alt": "Elegant restaurant interior with Italian decor",
    "primary_cta": "Make Reservation",
    "secondary_cta": "View Menu"
  },
  "menu": {
    "title": "Featured Dishes",
    "subtitle": "Savor our chef's signature creations made with the finest ingredients"
  },
  "featured_dishes": [
    {
      "name": "Osso Buco alla Milanese",
      "description": "Slow-braised veal shanks with vegetables, white wine, and aromatic herbs, served with saffron risotto.",
      "image": "/assets/images/dishes/osso-buco.jpg",
      "price": "42",
      "tags": ["Signature", "Slow-cooked", "Traditional"]
    },
    {
      "name": "Risotto ai Funghi Porcini",
      "description": "Creamy Arborio rice with wild porcini mushrooms, truffle oil, and aged Parmigiano-Reggiano.",
      "image": "/assets/images/dishes/risotto-funghi.jpg",
      "price": "28",
      "tags": ["Vegetarian", "Creamy", "Seasonal"]
    },
    {
      "name": "Branzino al Sale",
      "description": "Mediterranean sea bass baked in sea salt crust with lemon, herbs, and extra virgin olive oil.",
      "image": "/assets/images/dishes/branzino.jpg",
      "price": "36",
      "tags": ["Seafood", "Healthy", "Mediterranean"]
    },
    {
      "name": "Tiramisu Classico",
      "description": "Traditional Italian dessert with mascarpone, ladyfingers, espresso, and cocoa powder.",
      "image": "/assets/images/dishes/tiramisu.jpg",
      "price": "12",
      "tags": ["Dessert", "Classic", "Coffee-flavored"]
    }
  ],
  "about": {
    "title": "Our Story",
    "description": "Bella Vista has been serving authentic Italian cuisine for over 25 years. Our family recipes, passed down through generations, combined with the finest ingredients and warm hospitality, create an unforgettable dining experience.",
    "image": "/assets/images/chef-mario.jpg",
    "alt": "Chef Mario preparing traditional Italian dishes"
  },
  "features": [
    {
      "title": "Authentic Recipes",
      "description": "Traditional Italian recipes passed down through generations",
      "icon": "/assets/images/icons/tradition.svg"
    },
    {
      "title": "Fresh Ingredients",
      "description": "Locally sourced, seasonal ingredients for maximum flavor",
      "icon": "/assets/images/icons/fresh.svg"
    },
    {
      "title": "Wine Selection",
      "description": "Curated selection of Italian wines from renowned vineyards",
      "icon": "/assets/images/icons/wine.svg"
    },
    {
      "title": "Private Dining",
      "description": "Elegant private dining rooms for special occasions",
      "icon": "/assets/images/icons/private.svg"
    }
  ],
  "atmosphere": {
    "title": "Experience Bella Vista",
    "subtitle": "Immerse yourself in the warm ambiance of authentic Italian dining"
  },
  "atmosphere_images": [
    {
      "image": "/assets/images/atmosphere/dining-room.jpg",
      "alt": "Main dining room with elegant table settings",
      "title": "Main Dining Room"
    },
    {
      "image": "/assets/images/atmosphere/bar.jpg",
      "alt": "Cozy bar area with wine selection",
      "title": "Wine Bar"
    },
    {
      "image": "/assets/images/atmosphere/patio.jpg",
      "alt": "Outdoor patio dining in summer",
      "title": "Garden Patio"
    },
    {
      "image": "/assets/images/atmosphere/private-room.jpg",
      "alt": "Private dining room for special events",
      "title": "Private Events"
    }
  ],
  "reservations": {
    "title": "Make a Reservation",
    "subtitle": "Book your table for an unforgettable dining experience"
  },
  "hours": [
    {"day": "Monday", "time": "5:00 PM - 10:00 PM"},
    {"day": "Tuesday", "time": "5:00 PM - 10:00 PM"},
    {"day": "Wednesday", "time": "5:00 PM - 10:00 PM"},
    {"day": "Thursday", "time": "5:00 PM - 11:00 PM"},
    {"day": "Friday", "time": "5:00 PM - 11:00 PM"},
    {"day": "Saturday", "time": "4:00 PM - 11:00 PM"},
    {"day": "Sunday", "time": "4:00 PM - 9:00 PM"}
  ],
  "time_slots": [
    {"value": "17:00", "label": "5:00 PM"},
    {"value": "17:30", "label": "5:30 PM"},
    {"value": "18:00", "label": "6:00 PM"},
    {"value": "18:30", "label": "6:30 PM"},
    {"value": "19:00", "label": "7:00 PM"},
    {"value": "19:30", "label": "7:30 PM"},
    {"value": "20:00", "label": "8:00 PM"},
    {"value": "20:30", "label": "8:30 PM"},
    {"value": "21:00", "label": "9:00 PM"},
    {"value": "21:30", "label": "9:30 PM"},
    {"value": "22:00", "label": "10:00 PM"}
  ],
  "party_sizes": [
    {"value": "1", "label": "1 Guest"},
    {"value": "2", "label": "2 Guests"},
    {"value": "3", "label": "3 Guests"},
    {"value": "4", "label": "4 Guests"},
    {"value": "5", "label": "5 Guests"},
    {"value": "6", "label": "6 Guests"},
    {"value": "7", "label": "7 Guests"},
    {"value": "8", "label": "8+ Guests"}
  ],
  "occasions": [
    {"value": "casual", "label": "Casual Dinner"},
    {"value": "date", "label": "Date Night"},
    {"value": "birthday", "label": "Birthday"},
    {"value": "anniversary", "label": "Anniversary"},
    {"value": "business", "label": "Business Dinner"},
    {"value": "celebration", "label": "Celebration"},
    {"value": "other", "label": "Other"}
  ],
  "reviews": {
    "title": "What Our Guests Say",
    "subtitle": "Read reviews from satisfied diners"
  },
  "reviews_data": [
    {
      "name": "Sarah Mitchell",
      "quote": "Absolutely incredible dining experience! The osso buco was perfection, and the service was impeccable. Bella Vista is now our go-to restaurant for special occasions.",
      "rating": 5,
      "source": "TripAdvisor",
      "avatar": "/assets/images/avatars/sarah.jpg"
    },
    {
      "name": "James Rodriguez",
      "quote": "The atmosphere is romantic and the food is outstanding. The wine selection is excellent and the staff knows their pairings. Highly recommend!",
      "rating": 5,
      "source": "Yelp",
      "avatar": "/assets/images/avatars/james.jpg"
    },
    {
      "name": "Maria Gonzalez",
      "quote": "Authentic Italian flavors that transport you to Italy. The pasta is made fresh daily and the desserts are heavenly. A true gem in the city!",
      "rating": 5,
      "source": "Google Reviews",
      "avatar": "/assets/images/avatars/maria.jpg"
    }
  ],
  "contact": {
    "title": "Contact Bella Vista",
    "description": "Get in touch with us for reservations, catering, or any questions about our restaurant."
  },
  "footer": {
    "description": "Authentic Italian cuisine and warm hospitality in the heart of downtown since 1995."
  },
  "seo": {
    "meta_description": "Experience authentic Italian dining at Bella Vista Restaurant. Traditional recipes, fresh ingredients, and exceptional service in an elegant downtown setting.",
    "keywords": "Italian restaurant, fine dining, authentic Italian food, reservations, downtown dining, Italian cuisine",
    "og_image": "/assets/images/og-image.jpg"
  },
  "additional_info": {
    "rating": "4.8",
    "price_range": "$$$",
    "dress_code": "Smart Casual",
    "parking": "Valet parking available",
    "payment": "Major credit cards accepted",
    "accessibility": "Wheelchair accessible",
    "hours_today": "5:00 PM - 10:00 PM",
    "location": "Downtown District",
    "reviews_link": "https://tripadvisor.com/bellavista"
  },
  "media_guidelines": {
    "hero_image": {
      "dimensions": "1920x1080",
      "aspect_ratio": "16:9",
      "max_size": "2MB",
      "format": "JPG, PNG, WebP"
    },
    "dish_images": {
      "dimensions": "600x400",
      "aspect_ratio": "3:2",
      "max_size": "500KB",
      "format": "JPG, PNG, WebP"
    },
    "atmosphere_images": {
      "dimensions": "800x600",
      "aspect_ratio": "4:3",
      "max_size": "1MB",
      "format": "JPG, PNG, WebP"
    },
    "logo": {
      "dimensions": "200x80",
      "aspect_ratio": "2.5:1",
      "max_size": "100KB",
      "format": "PNG, SVG"
    }
  }
}
