{
  "version": "1.0.0",
  "description": "Design system tokens for website template library",
  "color": {
    "primary": {
      "50": "#f0f9ff",
      "100": "#e0f2fe",
      "200": "#bae6fd",
      "300": "#7dd3fc",
      "400": "#38bdf8",
      "500": "#0ea5e9",
      "600": "#0284c7",
      "700": "#0369a1",
      "800": "#075985",
      "900": "#0c4a6e",
      "950": "#082f49"
    },
    "secondary": {
      "50": "#f8fafc",
      "100": "#f1f5f9",
      "200": "#e2e8f0",
      "300": "#cbd5e1",
      "400": "#94a3b8",
      "500": "#64748b",
      "600": "#475569",
      "700": "#334155",
      "800": "#1e293b",
      "900": "#0f172a",
      "950": "#020617"
    },
    "accent": {
      "50": "#fff7ed",
      "100": "#ffedd5",
      "200": "#fed7aa",
      "300": "#fdba74",
      "400": "#fb923c",
      "500": "#f97316",
      "600": "#ea580c",
      "700": "#c2410c",
      "800": "#9a3412",
      "900": "#7c2d12",
      "950": "#431407"
    },
    "neutral": {
      "50": "#fafafa",
      "100": "#f5f5f5",
      "200": "#e5e5e5",
      "300": "#d4d4d4",
      "400": "#a3a3a3",
      "500": "#737373",
      "600": "#525252",
      "700": "#404040",
      "800": "#262626",
      "900": "#171717",
      "950": "#0a0a0a"
    },
    "success": "#10b981",
    "warning": "#f59e0b",
    "error": "#ef4444",
    "info": "#3b82f6"
  },
  "typography": {
    "fontFamily": {
      "sans": ["Inter", "system-ui", "-apple-system", "sans-serif"],
      "serif": ["Georgia", "Cambria", "Times New Roman", "serif"],
      "mono": ["JetBrains Mono", "Fira Code", "monospace"]
    },
    "fontSize": {
      "xs": "0.75rem",
      "sm": "0.875rem",
      "base": "1rem",
      "lg": "1.125rem",
      "xl": "1.25rem",
      "2xl": "1.5rem",
      "3xl": "1.875rem",
      "4xl": "2.25rem",
      "5xl": "3rem",
      "6xl": "3.75rem",
      "7xl": "4.5rem",
      "8xl": "6rem",
      "9xl": "8rem"
    },
    "fontWeight": {
      "thin": "100",
      "extralight": "200",
      "light": "300",
      "normal": "400",
      "medium": "500",
      "semibold": "600",
      "bold": "700",
      "extrabold": "800",
      "black": "900"
    },
    "lineHeight": {
      "none": "1",
      "tight": "1.25",
      "snug": "1.375",
      "normal": "1.5",
      "relaxed": "1.625",
      "loose": "2"
    },
    "letterSpacing": {
      "tighter": "-0.05em",
      "tight": "-0.025em",
      "normal": "0em",
      "wide": "0.025em",
      "wider": "0.05em",
      "widest": "0.1em"
    }
  },
  "spacing": {
    "0": "0",
    "1": "0.25rem",
    "2": "0.5rem",
    "3": "0.75rem",
    "4": "1rem",
    "5": "1.25rem",
    "6": "1.5rem",
    "8": "2rem",
    "10": "2.5rem",
    "12": "3rem",
    "16": "4rem",
    "20": "5rem",
    "24": "6rem",
    "32": "8rem",
    "40": "10rem",
    "48": "12rem",
    "56": "14rem",
    "64": "16rem"
  },
  "borderRadius": {
    "none": "0",
    "sm": "0.125rem",
    "md": "0.375rem",
    "lg": "0.5rem",
    "xl": "0.75rem",
    "2xl": "1rem",
    "3xl": "1.5rem",
    "full": "9999px"
  },
  "borderWidth": {
    "0": "0",
    "1": "1px",
    "2": "2px",
    "4": "4px",
    "8": "8px"
  },
  "boxShadow": {
    "sm": "0 1px 2px 0 rgb(0 0 0 / 0.05)",
    "md": "0 4px 6px -1px rgb(0 0 0 / 0.1), 0 2px 4px -2px rgb(0 0 0 / 0.1)",
    "lg": "0 10px 15px -3px rgb(0 0 0 / 0.1), 0 4px 6px -4px rgb(0 0 0 / 0.1)",
    "xl": "0 20px 25px -5px rgb(0 0 0 / 0.1), 0 8px 10px -6px rgb(0 0 0 / 0.1)",
    "2xl": "0 25px 50px -12px rgb(0 0 0 / 0.25)",
    "inner": "inset 0 2px 4px 0 rgb(0 0 0 / 0.05)",
    "none": "0 0 #0000"
  },
  "breakpoints": {
    "sm": "640px",
    "md": "768px",
    "lg": "1024px",
    "xl": "1280px",
    "2xl": "1536px"
  },
  "container": {
    "center": true,
    "padding": {
      "DEFAULT": "1rem",
      "sm": "2rem",
      "lg": "4rem",
      "xl": "5rem",
      "2xl": "6rem"
    }
  },
  "animation": {
    "duration": {
      "75": "75ms",
      "100": "100ms",
      "150": "150ms",
      "200": "200ms",
      "300": "300ms",
      "500": "500ms",
      "700": "700ms",
      "1000": "1000ms"
    },
    "easing": {
      "linear": "linear",
      "in": "cubic-bezier(0.4, 0, 1, 1)",
      "out": "cubic-bezier(0, 0, 0.2, 1)",
      "in-out": "cubic-bezier(0.4, 0, 0.2, 1)"
    }
  }
}
